Date,Matchup,TV_Network,Start_Time,End_Time,Visitor_Conference,Home_Conference
"Mon, Oct 05",Flyers at Lightning,NHL Network,6:00 PM,8:45 PM,Eastern (Metropolitan),Eastern (Atlantic)
"Mon, Oct 05",Senators at Bruins,ESPN+,6:30 PM,9:15 PM,Eastern (Atlantic),Eastern (Atlantic)
"Mon, Oct 05",Jets at Penguins,ESPN+,6:30 PM,9:15 PM,Western (Central),Eastern (Metropolitan)
"Mon, Oct 05",Sharks at Stars,ESPN+,7:00 PM,9:45 PM,Western (Pacific),Western (Central)
"Tue, Oct 06",Hurricanes at Canadiens,ESPN+,6:00 PM,8:45 PM,Eastern (Metropolitan),Eastern (Atlantic)
"Tue, Oct 06",Predators at Maple Leafs,ESPN+,6:00 PM,8:45 PM,Western (Central),Eastern (Atlantic)
"Tue, Oct 06",Senators at Red Wings,ESPN+,6:00 PM,8:45 PM,Eastern (Atlantic),Eastern (Atlantic)
"Tue, Oct 06",Mammoth at Devils,ESPN+,6:00 PM,8:45 PM,Western (Central),Eastern (Metropolitan)
"Tue, Oct 06",Wild at Sabres,ESPN+,6:00 PM,8:45 PM,Western (Central),Eastern (Atlantic)
"Tue, Oct 06",Islanders at Rangers,ESPN,6:30 PM,9:15 PM,Eastern (Metropolitan),Eastern (Metropolitan)
"Tue, Oct 06",Blues at Blackhawks,ESPN+,7:00 PM,9:45 PM,Western (Central),Western (Central)
"Tue, Oct 06",Golden Knights at Kraken,ESPN+,8:00 PM,10:45 PM,Western (Pacific),Western (Pacific)
"Tue, Oct 06",Panthers at Kings,ESPN,9:00 PM,11:45 PM,Eastern (Atlantic),Western (Pacific)
"Wed, Oct 07",Penguins at Capitals,TNT,6:30 PM,9:15 PM,Eastern (Metropolitan),Eastern (Metropolitan)
"Wed, Oct 07",Avalanche at Jets,ESPN+,6:30 PM,9:15 PM,Western (Central),Western (Central)
"Wed, Oct 07",Oilers at Ducks,Prime Video,9:00 PM,11:45 PM,Western (Pacific),Western (Pacific)
"Thu, Oct 08",Flyers at Senators,ESPN+,6:00 PM,8:45 PM,Eastern (Metropolitan),Eastern (Atlantic)
"Thu, Oct 08",Mammoth at Bruins,ESPN+,6:00 PM,8:45 PM,Western (Central),Eastern (Atlantic)
"Thu, Oct 08",Stars at Sabres,ESPN+,6:00 PM,8:45 PM,Western (Central),Eastern (Atlantic)
"Thu, Oct 08",Predators at Canadiens,ESPN+,6:00 PM,8:45 PM,Western (Central),Eastern (Atlantic)
"Thu, Oct 08",Wild at Lightning,ESPN+,6:00 PM,8:45 PM,Western (Central),Eastern (Atlantic)
"Thu, Oct 08",Canucks at Hurricanes,ESPN+,6:00 PM,8:45 PM,Western (Pacific),Eastern (Metropolitan)
"Thu, Oct 08",Blackhawks at Islanders,ESPN+,6:30 PM,9:15 PM,Western (Central),Eastern (Metropolitan)
"Thu, Oct 08",Sharks at Blues,ESPN+,7:00 PM,9:45 PM,Western (Pacific),Western (Central)
"Thu, Oct 08",Avalanche at Flames,ESPN+,8:00 PM,10:45 PM,Western (Central),Western (Pacific)
"Thu, Oct 08",Maple Leafs at Golden Knights,ESPN+,9:00 PM,11:45 PM,Eastern (Atlantic),Western (Pacific)
"Fri, Oct 09",Kraken at Red Wings,ESPN+,6:00 PM,8:45 PM,Western (Pacific),Eastern (Atlantic)
"Fri, Oct 09",Rangers at Capitals,NHL Network,6:00 PM,8:45 PM,Eastern (Metropolitan),Eastern (Metropolitan)
"Fri, Oct 09",Penguins at Blue Jackets,ESPN+,6:00 PM,8:45 PM,Eastern (Metropolitan),Eastern (Metropolitan)
"Fri, Oct 09",Ducks at Jets,Prime Video,7:00 PM,9:45 PM,Western (Pacific),Western (Central)
"Sat, Oct 10",Flyers at Bruins,ESPN+,12:00 PM,2:45 PM,Eastern (Metropolitan),Eastern (Atlantic)
"Sat, Oct 10",Canucks at Devils,ESPN+,2:30 PM,5:15 PM,Western (Pacific),Eastern (Metropolitan)
"Sat, Oct 10",Oilers at Sharks,ESPN+,3:00 PM,5:45 PM,Western (Pacific),Western (Pacific)
"Sat, Oct 10",Wild at Panthers,ESPN+,5:00 PM,7:45 PM,Western (Central),Eastern (Atlantic)
"Sat, Oct 10",Mammoth at Sabres,ESPN+,6:00 PM,8:45 PM,Western (Central),Eastern (Atlantic)
"Sat, Oct 10",Red Wings at Canadiens,ESPN+,6:00 PM,8:45 PM,Eastern (Atlantic),Eastern (Atlantic)
"Sat, Oct 10",Predators at Senators,ESPN+,6:00 PM,8:45 PM,Western (Central),Eastern (Atlantic)
"Sat, Oct 10",Stars at Penguins,Prime Video,6:00 PM,8:45 PM,Western (Central),Eastern (Metropolitan)
"Sat, Oct 10",Hurricanes at Blackhawks,ESPN+,6:00 PM,8:45 PM,Eastern (Metropolitan),Western (Central)
"Sat, Oct 10",Blue Jackets at Blues,ESPN+,6:00 PM,8:45 PM,Eastern (Metropolitan),Western (Central)
"Sat, Oct 10",Maple Leafs at Avalanche,NHL Network,6:00 PM,8:45 PM,Eastern (Atlantic),Western (Central)
"Sat, Oct 10",Lightning at Islanders,ESPN+,6:30 PM,9:15 PM,Eastern (Atlantic),Eastern (Metropolitan)
"Sat, Oct 10",Ducks at Flames,Prime Video,9:00 PM,11:45 PM,Western (Pacific),Western (Pacific)
"Sat, Oct 10",Kings at Golden Knights,ESPN+,9:00 PM,11:45 PM,Western (Pacific),Western (Pacific)
"Sun, Oct 11",Kraken at Capitals,ESPN+,4:00 PM,6:45 PM,Western (Pacific),Eastern (Metropolitan)
"Sun, Oct 11",Canucks at Rangers,ESPN+,5:00 PM,7:45 PM,Western (Pacific),Eastern (Metropolitan)
"Sun, Oct 11",Hurricanes at Flyers,NHL Network,6:00 PM,8:45 PM,Eastern (Metropolitan),Eastern (Metropolitan)
